{
  "action_dim": 7,
  "action_l1_valid_mean": 0.6965860536140261,
  "batch_size": 16,
  "checkpoint": "topic2_act/outputs/act_calvin/a_only_full_150k/lerobot_train/checkpoints/150000/pretrained_model",
  "chunk_size": 100,
  "dataset": {
    "codebase_version": "v2.1",
    "episode_metadata_rows": 4,
    "fps": 10,
    "scene": "D",
    "source_dataset": "task_D_D",
    "total_episodes": 5124,
    "total_frames": 308918
  },
  "dataset_root": "topic2_act/data/xiaoma26_calvin_lerobot/splitD",
  "device": "cuda:0",
  "elapsed_seconds": 6.077779825776815,
  "episode_count": 4,
  "forward_action_element_count": 182000,
  "forward_l1_loss_equivalent": 0.2298733976926286,
  "frame_count": 260,
  "generated_at": "2026-06-22T05:25:30.112174+00:00",
  "max_episodes": 4,
  "max_frames": null,
  "metric_space": "normalized_action",
  "missing_parquet_count": 0,
  "missing_parquets_sample": [],
  "normalizer_loaded_for_raw_metrics": true,
  "per_chunk_counts": [
    1820,
    1792,
    1764,
    1736,
    1708,
    1680,
    1652,
    1624,
    1596,
    1568,
    1540,
    1512,
    1484,
    1456,
    1428,
    1400,
    1372,
    1344,
    1316,
    1288,
    1260,
    1232,
    1204,
    1176,
    1148,
    1120,
    1092,
    1064,
    1036,
    1008,
    980,
    952,
    924,
    896,
    868,
    840,
    812,
    784,
    756,
    728,
    700,
    672,
    644,
    616,
    588,
    560,
    532,
    504,
    476,
    448,
    420,
    392,
    364,
    336,
    308,
    280,
    252,
    224,
    196,
    168,
    140,
    112,
    84,
    56,
    28,
    0,
    0,
    0,
    0,
    0,
    0,
    0,
    0,
    0,
    0,
    0,
    0,
    0,
    0,
    0,
    0,
    0,
    0,
    0,
    0,
    0,
    0,
    0,
    0,
    0,
    0,
    0,
    0,
    0,
    0,
    0,
    0,
    0,
    0,
    0
  ],
  "per_chunk_l1": [
    0.5950859481842349,
    0.6135322925838409,
    0.6189326176983716,
    0.6175811341024875,
    0.6173884696926948,
    0.6248659758434986,
    0.6316476593501009,
    0.6518246508421367,
    0.66396248546478,
    0.6781299753561236,
    0.6821889293543365,
    0.6956127588526302,
    0.6998816111214168,
    0.7020049365838621,
    0.7050498982875788,
    0.6997669579940183,
    0.6940990671415002,
    0.684383572458977,
    0.6710017857327208,
    0.6647254818484986,
    0.6691267602958731,
    0.6738837913439197,
    0.6743691504493579,
    0.6780760992194849,
    0.6882562701207446,
    0.6852280765605558,
    0.6949347451247356,
    0.694432242036468,
    0.6946329347066523,
    0.7064267250779455,
    0.7223123474274666,
    0.7262717684742627,
    0.731148205864852,
    0.7358610589913691,
    0.7424700660545225,
    0.7379205274306947,
    0.7355549069112305,
    0.7385131011892833,
    0.735770248226506,
    0.7384303211423845,
    0.743020357163623,
    0.7515818407049492,
    0.738970375168629,
    0.7486108754180952,
    0.7441999137807055,
    0.7360441572432007,
    0.7453287524080142,
    0.7598115128265428,
    0.7912970794865689,
    0.8105021803307214,
    0.8339568357027712,
    0.8794406706999455,
    0.9097864522117671,
    0.9432303939469248,
    0.9775953473426499,
    0.9704250541914786,
    0.9652988980745986,
    0.9645741122242596,
    0.9295030678717457,
    0.8819679811685568,
    0.8594996720552445,
    0.7403595496767333,
    0.713607627987152,
    0.7202814816763359,
    0.7750360018440655,
    null,
    null,
    null,
    null,
    null,
    null,
    null,
    null,
    null,
    null,
    null,
    null,
    null,
    null,
    null,
    null,
    null,
    null,
    null,
    null,
    null,
    null,
    null,
    null,
    null,
    null,
    null,
    null,
    null,
    null,
    null,
    null,
    null,
    null,
    null
  ],
  "per_dim_counts": [
    8580,
    8580,
    8580,
    8580,
    8580,
    8580,
    8580
  ],
  "per_dim_l1": [
    1.0809667157411949,
    0.5312753645113794,
    0.6286152695116776,
    0.6405736054757302,
    0.7464644504864082,
    0.600446990289289,
    0.6477599792825036
  ],
  "raw_action_l1_valid_mean": 0.22900701951420216,
  "raw_metric_space": "dataset_action_units",
  "raw_per_chunk_counts": [
    1820,
    1792,
    1764,
    1736,
    1708,
    1680,
    1652,
    1624,
    1596,
    1568,
    1540,
    1512,
    1484,
    1456,
    1428,
    1400,
    1372,
    1344,
    1316,
    1288,
    1260,
    1232,
    1204,
    1176,
    1148,
    1120,
    1092,
    1064,
    1036,
    1008,
    980,
    952,
    924,
    896,
    868,
    840,
    812,
    784,
    756,
    728,
    700,
    672,
    644,
    616,
    588,
    560,
    532,
    504,
    476,
    448,
    420,
    392,
    364,
    336,
    308,
    280,
    252,
    224,
    196,
    168,
    140,
    112,
    84,
    56,
    28,
    0,
    0,
    0,
    0,
    0,
    0,
    0,
    0,
    0,
    0,
    0,
    0,
    0,
    0,
    0,
    0,
    0,
    0,
    0,
    0,
    0,
    0,
    0,
    0,
    0,
    0,
    0,
    0,
    0,
    0,
    0,
    0,
    0,
    0,
    0
  ],
  "raw_per_chunk_l1": [
    0.1466588455144889,
    0.16065472007098183,
    0.17037830178260532,
    0.17627801395207537,
    0.18141846085418195,
    0.1875573151667292,
    0.19132107928097608,
    0.1988169294118186,
    0.20405407235981024,
    0.2095581854810007,
    0.21157148721697439,
    0.21893045241314987,
    0.2234135513196102,
    0.229539982229823,
    0.23739367410333836,
    0.2406644274833213,
    0.24090641433829252,
    0.24294855759840825,
    0.239592298241134,
    0.2367490575571475,
    0.23960828443930027,
    0.24274115001838714,
    0.24653783165718246,
    0.25067538394058936,
    0.2609413388906816,
    0.26414426339282987,
    0.2733252286868794,
    0.27536147242872383,
    0.27502501021569925,
    0.2769292618724562,
    0.2796317012179928,
    0.27717152542381807,
    0.2759312546408324,
    0.27211136650709833,
    0.26909485498973285,
    0.2631111655290061,
    0.25863125321989777,
    0.25472043074040235,
    0.24550484857342092,
    0.23946160134849148,
    0.23342690816880868,
    0.23236756286704413,
    0.2225543489717294,
    0.2171093374339549,
    0.21722357239428478,
    0.21296509708710282,
    0.21414208629770778,
    0.21855729337160787,
    0.22826530830934644,
    0.23273581868644605,
    0.24073966130215144,
    0.25324596709818864,
    0.2624273651489312,
    0.27625114621367264,
    0.2939225771228553,
    0.2925113285243112,
    0.29781631665259956,
    0.29560041309949675,
    0.28457716508882536,
    0.27531618677589687,
    0.26977650148827315,
    0.2497013535300669,
    0.2477121020423337,
    0.2586521282625784,
    0.2969070634405528,
    null,
    null,
    null,
    null,
    null,
    null,
    null,
    null,
    null,
    null,
    null,
    null,
    null,
    null,
    null,
    null,
    null,
    null,
    null,
    null,
    null,
    null,
    null,
    null,
    null,
    null,
    null,
    null,
    null,
    null,
    null,
    null,
    null,
    null,
    null
  ],
  "raw_per_dim_counts": [
    8580,
    8580,
    8580,
    8580,
    8580,
    8580,
    8580
  ],
  "raw_per_dim_l1": [
    0.27304167500227616,
    0.10631911967189588,
    0.1306072573462449,
    0.10020953305619215,
    0.1273768092400073,
    0.2203124988972837,
    0.645182243385515
  ],
  "status": "completed",
  "valid_action_element_count": 60060
}
