{
  "action_dim": 7,
  "action_l1_valid_mean": 0.658629341784413,
  "batch_size": 16,
  "checkpoint": "topic2_act/outputs/act_calvin/a_only_full_150k/lerobot_train/checkpoints/150000/pretrained_model",
  "chunk_size": 100,
  "dataset": {
    "codebase_version": "v2.1",
    "episode_metadata_rows": 5124,
    "fps": 10,
    "scene": "D",
    "source_dataset": "task_D_D",
    "total_episodes": 5124,
    "total_frames": 308918
  },
  "dataset_root": "topic2_act/data/xiaoma26_calvin_lerobot/splitD",
  "device": "cuda:0",
  "elapsed_seconds": 1016.0205778628588,
  "episode_count": 5124,
  "forward_action_element_count": 216242600,
  "forward_l1_loss_equivalent": 0.2068762783325708,
  "frame_count": 308918,
  "frame_l1_distribution": {
    "count": 308918,
    "histogram_bin_edges": [
      0.060888604127935,
      0.12597916315841887,
      0.19106972218890275,
      0.2561602812193866,
      0.3212508402498705,
      0.3863413992803544,
      0.4514319583108382,
      0.516522517341322,
      0.5816130763718059,
      0.6467036354022898,
      0.7117941944327737,
      0.7768847534632576,
      0.8419753124937414,
      0.9070658715242252,
      0.9721564305547091,
      1.037246989585193,
      1.102337548615677,
      1.1674281076461608,
      1.2325186666766448,
      1.2976092257071286,
      1.3626997847376126,
      1.4277903437680963,
      1.4928809027985803,
      1.557971461829064,
      1.6230620208595479,
      1.6881525798900319,
      1.7532431389205156,
      1.8183336979509996,
      1.8834242569814834,
      1.9485148160119674,
      2.013605375042451,
      2.078695934072935,
      2.143786493103419,
      2.2088770521339027,
      2.2739676111643865,
      2.3390581701948707,
      2.4041487292253545,
      2.4692392882558383,
      2.534329847286322,
      2.5994204063168063,
      2.66451096534729
    ],
    "histogram_counts": [
      345,
      2788,
      7674,
      15103,
      22623,
      27826,
      31047,
      31953,
      30949,
      29754,
      27113,
      22725,
      18147,
      13251,
      9321,
      6529,
      4157,
      2646,
      1675,
      1054,
      683,
      488,
      336,
      217,
      167,
      102,
      83,
      48,
      45,
      20,
      14,
      14,
      2,
      8,
      2,
      2,
      2,
      3,
      1,
      1
    ],
    "max": 2.66451096534729,
    "mean": 0.6347922352136487,
    "min": 0.060888604127935,
    "p05": 0.2808104370748772,
    "p25": 0.45328319537575884,
    "p50": 0.6131761512521678,
    "p75": 0.7887565958173719,
    "p95": 1.0626858555419103,
    "std": 0.2453392537040122
  },
  "generated_at": "2026-06-22T09:20:42.152519+00:00",
  "max_episodes": null,
  "max_frames": null,
  "metric_space": "normalized_action",
  "missing_parquet_count": 0,
  "missing_parquets_sample": [],
  "normalizer_loaded_for_raw_metrics": true,
  "per_chunk_counts": [
    2162426,
    2126558,
    2090690,
    2054822,
    2018954,
    1983086,
    1947218,
    1911350,
    1875482,
    1839614,
    1803746,
    1767878,
    1732010,
    1696142,
    1660274,
    1624406,
    1588538,
    1552670,
    1516802,
    1480934,
    1445066,
    1409198,
    1373330,
    1337462,
    1301594,
    1265726,
    1229858,
    1193990,
    1158122,
    1122254,
    1086386,
    1050518,
    1014650,
    978782,
    942914,
    907452,
    872410,
    837795,
    803656,
    770028,
    736827,
    704186,
    671923,
    640080,
    608734,
    577815,
    547365,
    517237,
    487522,
    458304,
    429660,
    401016,
    372372,
    343728,
    315084,
    286440,
    257796,
    229152,
    200508,
    171864,
    143220,
    114576,
    85932,
    57288,
    28644,
    0,
    0,
    0,
    0,
    0,
    0,
    0,
    0,
    0,
    0,
    0,
    0,
    0,
    0,
    0,
    0,
    0,
    0,
    0,
    0,
    0,
    0,
    0,
    0,
    0,
    0,
    0,
    0,
    0,
    0,
    0,
    0,
    0,
    0,
    0
  ],
  "per_chunk_l1": [
    0.600226525118231,
    0.6057657440131785,
    0.6064194401985921,
    0.606447777427476,
    0.6054303259713357,
    0.6021732694237659,
    0.6000701690396204,
    0.5990329844189197,
    0.5983191926408834,
    0.5992124461777885,
    0.6013832510693383,
    0.6046629478924064,
    0.609304495990268,
    0.6151030279818402,
    0.622161572849672,
    0.6289518428183385,
    0.6355058960865891,
    0.6426465021686548,
    0.6479716316525591,
    0.6555292656872136,
    0.6612909990092993,
    0.6666047457358543,
    0.6739316635251157,
    0.6781790127492243,
    0.681559875179209,
    0.6836527708322437,
    0.6861804438418667,
    0.6877793971830226,
    0.6899153880702359,
    0.6927717520268963,
    0.6963514991292883,
    0.698073183288618,
    0.7025373269974678,
    0.7063831939923022,
    0.710980589517102,
    0.7141301791687575,
    0.7150806173638833,
    0.7204148030834849,
    0.7245639172426982,
    0.7236695637436507,
    0.7281027311448455,
    0.7306015301144592,
    0.7305639257729942,
    0.7338902441364469,
    0.7357748160233173,
    0.7368206667340974,
    0.7377074019102571,
    0.7443441615993576,
    0.7488429124933584,
    0.7535050078845893,
    0.759072382260307,
    0.767945116418924,
    0.7736769410876823,
    0.7807064758890893,
    0.7886371895046721,
    0.7970777807745202,
    0.8031254857186285,
    0.8150389744848772,
    0.8209650554278789,
    0.8277029929707155,
    0.836260677086808,
    0.8365530260852114,
    0.8389555476695996,
    0.8370403827975054,
    0.8331453328002029,
    null,
    null,
    null,
    null,
    null,
    null,
    null,
    null,
    null,
    null,
    null,
    null,
    null,
    null,
    null,
    null,
    null,
    null,
    null,
    null,
    null,
    null,
    null,
    null,
    null,
    null,
    null,
    null,
    null,
    null,
    null,
    null,
    null,
    null,
    null
  ],
  "per_dim_counts": [
    9703152,
    9703152,
    9703152,
    9703152,
    9703152,
    9703152,
    9703152
  ],
  "per_dim_l1": [
    0.650533413806001,
    0.6504609375605177,
    0.7485763383022525,
    0.7216239582679308,
    0.7791301467661147,
    0.6329659264094356,
    0.42711467137863074
  ],
  "raw_action_l1_valid_mean": 0.19335991432529512,
  "raw_frame_l1_distribution": {
    "count": 308918,
    "histogram_bin_edges": [
      0.013265325554779597,
      0.03047231938689947,
      0.047679313219019345,
      0.06488630705113921,
      0.08209330088325908,
      0.09930029471537896,
      0.11650728854749882,
      0.13371428237961872,
      0.1509212762117386,
      0.16812827004385847,
      0.18533526387597835,
      0.20254225770809822,
      0.21974925154021807,
      0.23695624537233795,
      0.2541632392044578,
      0.2713702330365777,
      0.2885772268686976,
      0.30578422070081746,
      0.32299121453293733,
      0.3401982083650572,
      0.3574052021971771,
      0.37461219602929696,
      0.39181918986141684,
      0.4090261836935367,
      0.42623317752565654,
      0.4434401713577764,
      0.4606471651898963,
      0.47785415902201617,
      0.49506115285413604,
      0.5122681466862559,
      0.5294751405183757,
      0.5466821343504956,
      0.5638891281826155,
      0.5810961220147354,
      0.5983031158468552,
      0.6155101096789751,
      0.632717103511095,
      0.6499240973432149,
      0.6671310911753348,
      0.6843380850074546,
      0.7015450788395745
    ],
    "histogram_counts": [
      548,
      4508,
      10887,
      17277,
      21835,
      24392,
      24252,
      24060,
      23313,
      22700,
      21851,
      20232,
      17373,
      14836,
      12385,
      10222,
      8120,
      6637,
      5343,
      4523,
      3712,
      2813,
      2177,
      1587,
      1217,
      787,
      560,
      309,
      163,
      111,
      74,
      43,
      21,
      13,
      14,
      11,
      6,
      2,
      3,
      1
    ],
    "max": 0.7015450788395745,
    "mean": 0.18280820397952677,
    "min": 0.013265325554779597,