{
  "action_dim": 7,
  "action_l1_valid_mean": 0.658629341784413,
  "batch_size": 16,
  "checkpoint": "/root/Test/Zhr/DL/HW3/topic2_act/outputs/act_calvin/a_only_full_150k/lerobot_train/checkpoints/150000/pretrained_model",
  "chunk_size": 100,
  "dataset": {
    "codebase_version": "v2.1",
    "episode_metadata_rows": 5124,
    "fps": 10,
    "scene": "D",
    "source_dataset": "task_D_D",
    "total_episodes": 5124,
    "total_frames": 308918
  },
  "dataset_root": "/root/Test/Zhr/DL/HW3/topic2_act/data/xiaoma26_calvin_lerobot/splitD",
  "device": "cuda:0",
  "elapsed_seconds": 989.1339224614203,
  "episode_count": 5124,
  "forward_action_element_count": 216242600,
  "forward_l1_loss_equivalent": 0.2068762783325708,
  "frame_count": 308918,
  "generated_at": "2026-06-22T06:25:49.330864+00:00",
  "max_episodes": null,
  "max_frames": null,
  "metric_space": "normalized_action",
  "missing_parquet_count": 0,
  "missing_parquets_sample": [],
  "normalizer_loaded_for_raw_metrics": true,
  "per_chunk_counts": [
    2162426,
    2126558,
    2090690,
    2054822,
    2018954,
    1983086,
    1947218,
    1911350,
    1875482,
    1839614,
    1803746,
    1767878,
    1732010,
    1696142,
    1660274,
    1624406,
    1588538,
    1552670,
    1516802,
    1480934,
    1445066,
    1409198,
    1373330,
    1337462,
    1301594,
    1265726,
    1229858,
    1193990,
    1158122,
    1122254,
    1086386,
    1050518,
    1014650,
    978782,
    942914,
    907452,
    872410,
    837795,
    803656,
    770028,
    736827,
    704186,
    671923,
    640080,
    608734,
    577815,
    547365,
    517237,
    487522,
    458304,
    429660,
    401016,
    372372,
    343728,
    315084,
    286440,
    257796,
    229152,
    200508,
    171864,
    143220,
    114576,
    85932,
    57288,
    28644,
    0,
    0,
    0,
    0,
    0,
    0,
    0,
    0,
    0,
    0,
    0,
    0,
    0,
    0,
    0,
    0,
    0,
    0,
    0,
    0,
    0,
    0,
    0,
    0,
    0,
    0,
    0,
    0,
    0,
    0,
    0,
    0,
    0,
    0,
    0
  ],
  "per_chunk_l1": [
    0.600226525118231,
    0.6057657440131785,
    0.6064194401985921,
    0.606447777427476,
    0.6054303259713357,
    0.6021732694237659,
    0.6000701690396204,
    0.5990329844189197,
    0.5983191926408834,
    0.5992124461777885,
    0.6013832510693383,
    0.6046629478924064,
    0.609304495990268,
    0.6151030279818402,
    0.622161572849672,
    0.6289518428183385,
    0.6355058960865891,
    0.6426465021686548,
    0.6479716316525591,
    0.6555292656872136,
    0.6612909990092993,
    0.6666047457358543,
    0.6739316635251157,
    0.6781790127492243,
    0.681559875179209,
    0.6836527708322437,
    0.6861804438418667,
    0.6877793971830226,
    0.6899153880702359,
    0.6927717520268963,
    0.6963514991292883,
    0.698073183288618,
    0.7025373269974678,
    0.7063831939923022,
    0.710980589517102,
    0.7141301791687575,
    0.7150806173638833,
    0.7204148030834849,
    0.7245639172426982,
    0.7236695637436507,
    0.7281027311448455,
    0.7306015301144592,
    0.7305639257729942,
    0.7338902441364469,
    0.7357748160233173,
    0.7368206667340974,
    0.7377074019102571,
    0.7443441615993576,
    0.7488429124933584,
    0.7535050078845893,
    0.759072382260307,
    0.767945116418924,
    0.7736769410876823,
    0.7807064758890893,
    0.7886371895046721,
    0.7970777807745202,
    0.8031254857186285,
    0.8150389744848772,
    0.8209650554278789,
    0.8277029929707155,
    0.836260677086808,
    0.8365530260852114,
    0.8389555476695996,
    0.8370403827975054,
    0.8331453328002029,
    null,
    null,
    null,
    null,
    null,
    null,
    null,
    null,
    null,
    null,
    null,
    null,
    null,
    null,
    null,
    null,
    null,
    null,
    null,
    null,
    null,
    null,
    null,
    null,
    null,
    null,
    null,
    null,
    null,
    null,
    null,
    null,
    null,
    null,
    null
  ],
  "per_dim_counts": [
    9703152,
    9703152,
    9703152,
    9703152,
    9703152,
    9703152,
    9703152
  ],
  "per_dim_l1": [
    0.650533413806001,
    0.6504609375605177,
    0.7485763383022525,
    0.7216239582679308,
    0.7791301467661147,
    0.6329659264094356,
    0.42711467137863074
  ],
  "raw_action_l1_valid_mean": 0.19335991432529512,
  "raw_metric_space": "dataset_action_units",
  "raw_per_chunk_counts": [
    2162426,
    2126558,
    2090690,
    2054822,
    2018954,
    1983086,
    1947218,
    1911350,
    1875482,
    1839614,
    1803746,
    1767878,
    1732010,
    1696142,
    1660274,
    1624406,
    1588538,
    1552670,
    1516802,
    1480934,
    1445066,
    1409198,
    1373330,
    1337462,
    1301594,
    1265726,
    1229858,
    1193990,
    1158122,
    1122254,
    1086386,
    1050518,
    1014650,
    978782,
    942914,
    907452,
    872410,
    837795,
    803656,
    770028,
    736827,
    704186,
    671923,
    640080,
    608734,
    577815,
    547365,
    517237,
    487522,
    458304,
    429660,
    401016,
    372372,
    343728,
    315084,
    286440,
    257796,
    229152,
    200508,
    171864,
    143220,
    114576,
    85932,
    57288,
    28644,
    0,
    0,
    0,
    0,
    0,
    0,
    0,
    0,
    0,
    0,
    0,
    0,
    0,
    0,
    0,
    0,
    0,
    0,
    0,
    0,
    0,
    0,
    0,
    0,
    0,
    0,
    0,
    0,
    0,
    0,
    0,
    0,
    0,
    0,
    0
  ],
  "raw_per_chunk_l1": [
    0.14046594106261737,
    0.14802436834638327,
    0.1528729509944538,
    0.15692139516002582,
    0.1604738308069962,
    0.16273412238672133,
    0.1650160169203956,
    0.16735351143815397,
    0.1698099947243123,
    0.1725118642945438,
    0.17562879550085217,
    0.17845474652170815,
    0.18219441803687028,
    0.18620390560325234,
    0.19044166738440624,
    0.19435312635906718,
    0.19801617524327805,
    0.20195109916202206,
    0.2047103799042888,
    0.20836607955424474,
    0.2108985033253207,
    0.21311371944908997,
    0.2159793446508469,
    0.2170008321992551,
    0.2172292170542928,
    0.21723772709749115,
    0.21658971857191625,
    0.2158776230243854,
    0.21497939475346378,
    0.21438317523379322,
    0.21393000526542527,
    0.21295255347988595,
    0.21273297381091572,
    0.21218715544190161,
    0.21165723682411178,
    0.2111751296297475,
    0.21011910558738864,
    0.21028614847565308,
    0.21009158799978322,
    0.20866697622627445,
    0.20818192630572385,
    0.20760757506655336,
    0.20636389979409014,
    0.20650901542620703,
    0.20690421945553747,
    0.20628747814360948,
    0.20648242269925618,
    0.2096712795445143,
    0.21202523050535788,
    0.21390354230830094,
    0.21850134512647398,
    0.22481233745561408,
    0.22861632968137707,
    0.2345848842344227,
    0.24183343386125486,
    0.2490812775380587,
    0.2553274527786627,
    0.26309287877961507,
    0.268115425774388,
    0.2736303954190242,
    0.28066628238599994,
    0.2789870076206789,
    0.28185473978258596,
    0.28016094176348455,
    0.2797633616496107,
    null,
    null,
    null,
    null,
    null,
    null,
    null,
    null,
    null,
    null,
    null,
    null,
    null,
    null,
    null,
    null,
    null,
    null,
    null,
    null,
    null,
    null,
    null,
    null,
    null,
    null,
    null,
    null,
    null,
    null,
    null,
    null,
    null,
    null,
    null
  ],
  "raw_per_dim_counts": [
    9703152,
    9703152,
    9703152,
    9703152,
    9703152,
    9703152,
    9703152
  ],
  "raw_per_dim_l1": [
    0.16431840977599693,
    0.13017060245912346,
    0.15553154196256025,
    0.1128888225894998,
    0.13295088949020034,
    0.23224415554124303,
    0.42541497845844417
  ],
  "status": "completed",
  "valid_action_element_count": 67922064
}
