{
  "action_dim": 7,
  "action_l1_valid_mean": 0.5779933677322112,
  "batch_size": 16,
  "checkpoint": "/root/Test/Zhr/DL/HW3/topic2_act/outputs/act_calvin/abc_full_150k/lerobot_train/checkpoints/150000/pretrained_model",
  "chunk_size": 100,
  "dataset": {
    "codebase_version": "v2.1",
    "episode_metadata_rows": 5124,
    "fps": 10,
    "scene": "D",
    "source_dataset": "task_D_D",
    "total_episodes": 5124,
    "total_frames": 308918
  },
  "dataset_root": "/root/Test/Zhr/DL/HW3/topic2_act/data/xiaoma26_calvin_lerobot/splitD",
  "device": "cuda:0",
  "elapsed_seconds": 1025.9369309172034,
  "episode_count": 5124,
  "forward_action_element_count": 216242600,
  "forward_l1_loss_equivalent": 0.18154842068437388,
  "frame_count": 308918,
  "generated_at": "2026-06-22T08:02:42.505917+00:00",
  "max_episodes": null,
  "max_frames": null,
  "metric_space": "normalized_action",
  "missing_parquet_count": 0,
  "missing_parquets_sample": [],
  "normalizer_loaded_for_raw_metrics": true,
  "per_chunk_counts": [
    2162426,
    2126558,
    2090690,
    2054822,
    2018954,
    1983086,
    1947218,
    1911350,
    1875482,
    1839614,
    1803746,
    1767878,
    1732010,
    1696142,
    1660274,
    1624406,
    1588538,
    1552670,
    1516802,
    1480934,
    1445066,
    1409198,
    1373330,
    1337462,
    1301594,
    1265726,
    1229858,
    1193990,
    1158122,
    1122254,
    1086386,
    1050518,
    1014650,
    978782,
    942914,
    907452,
    872410,
    837795,
    803656,
    770028,
    736827,
    704186,
    671923,
    640080,
    608734,
    577815,
    547365,
    517237,
    487522,
    458304,
    429660,
    401016,
    372372,
    343728,
    315084,
    286440,
    257796,
    229152,
    200508,
    171864,
    143220,
    114576,
    85932,
    57288,
    28644,
    0,
    0,
    0,
    0,
    0,
    0,
    0,
    0,
    0,
    0,
    0,
    0,
    0,
    0,
    0,
    0,
    0,
    0,
    0,
    0,
    0,
    0,
    0,
    0,
    0,
    0,
    0,
    0,
    0,
    0,
    0,
    0,
    0,
    0,
    0
  ],
  "per_chunk_l1": [
    0.5136463915566513,
    0.5162644933498987,
    0.5187044774707034,
    0.5191076638714569,
    0.5186255349108738,
    0.5190691826222077,
    0.5191552202762703,
    0.5198392791300128,
    0.5223045005466801,
    0.5252879633514145,
    0.5301525772196126,
    0.5326831111884084,
    0.536924134039882,
    0.5415382060357368,
    0.5464825102658752,
    0.5524360796736845,
    0.5589751110765001,
    0.5644514988363591,
    0.569207564715876,
    0.5753001004936531,
    0.5808257750738228,
    0.5869500794606745,
    0.5929007364100551,
    0.5981558218790347,
    0.6024867492872106,
    0.6073656887708707,
    0.6112860025839502,
    0.6149058393410818,
    0.6195118181608992,
    0.622672879712692,
    0.6260473492078775,
    0.6295954979897345,
    0.6333588786854322,
    0.6347919228119697,
    0.6369045870358179,
    0.6381979460612337,
    0.6413139613320142,
    0.6423313382660313,
    0.6441712418296883,
    0.6449232185837834,
    0.6464312381581606,
    0.6460813512397577,
    0.6476736905101974,
    0.6495500468398375,
    0.6505136179043978,
    0.6506537576406778,
    0.6519957356501781,
    0.6530151127379817,
    0.6545046175932535,
    0.655866048036198,
    0.6575982422897488,
    0.6613956642739333,
    0.6643391404980212,
    0.6699631723058257,
    0.6733497206207998,
    0.677604024152594,
    0.6849469948362114,
    0.692771283206483,
    0.6997341351923307,
    0.7068435491595612,
    0.7154291734797181,
    0.7222755537615594,
    0.727144151942223,
    0.732851540347206,
    0.735695526264565,
    null,
    null,
    null,
    null,
    null,
    null,
    null,
    null,
    null,
    null,
    null,
    null,
    null,
    null,
    null,
    null,
    null,
    null,
    null,
    null,
    null,
    null,
    null,
    null,
    null,
    null,
    null,
    null,
    null,
    null,
    null,
    null,
    null,
    null,
    null
  ],
  "per_dim_counts": [
    9703152,
    9703152,
    9703152,
    9703152,
    9703152,
    9703152,
    9703152
  ],
  "per_dim_l1": [
    0.609230833477001,
    0.5387372111198431,
    0.6152814469827926,
    0.6564808355987013,
    0.6656077549440135,
    0.6088868411599436,
    0.3517286508431807
  ],
  "raw_action_l1_valid_mean": 0.16869575322174254,
  "raw_metric_space": "dataset_action_units",
  "raw_per_chunk_counts": [
    2162426,
    2126558,
    2090690,
    2054822,
    2018954,
    1983086,
    1947218,
    1911350,
    1875482,
    1839614,
    1803746,
    1767878,
    1732010,
    1696142,
    1660274,
    1624406,
    1588538,
    1552670,
    1516802,
    1480934,
    1445066,
    1409198,
    1373330,
    1337462,
    1301594,
    1265726,
    1229858,
    1193990,
    1158122,
    1122254,
    1086386,
    1050518,
    1014650,
    978782,
    942914,
    907452,
    872410,
    837795,
    803656,
    770028,
    736827,
    704186,
    671923,
    640080,
    608734,
    577815,
    547365,
    517237,
    487522,
    458304,
    429660,
    401016,
    372372,
    343728,
    315084,
    286440,
    257796,
    229152,
    200508,
    171864,
    143220,
    114576,
    85932,
    57288,
    28644,
    0,
    0,
    0,
    0,
    0,
    0,
    0,
    0,
    0,
    0,
    0,
    0,
    0,
    0,
    0,
    0,
    0,
    0,
    0,
    0,
    0,
    0,
    0,
    0,
    0,
    0,
    0,
    0,
    0,
    0,
    0,
    0,
    0,
    0,
    0
  ],
  "raw_per_chunk_l1": [
    0.12062739978524191,
    0.12663985399347563,
    0.13120439600454992,
    0.13439078354931755,
    0.13668760638041974,
    0.13921030246834665,
    0.14115667388892128,
    0.14296253671560233,
    0.14549918171218137,
    0.14799003129142382,
    0.15118357971087437,
    0.15352457852676904,
    0.15610886939930532,
    0.1592503224732585,
    0.16236228428897626,
    0.16609341238027267,
    0.16988817423799774,
    0.17295504217027002,
    0.17592762425961983,
    0.17935829629338806,
    0.18197597246878267,
    0.1847557345275931,
    0.1874480307035897,
    0.18938097698793416,
    0.19077352304205086,
    0.19214134472564892,
    0.19315807649810943,
    0.19385580861088816,
    0.1944285829347748,
    0.19489225189637968,
    0.19536852279618494,
    0.19596487023699327,
    0.19544395518333418,
    0.19453976469164214,
    0.19340911187689624,
    0.1926868332149674,
    0.19249889343072388,
    0.19183938737132658,
    0.19124677772536894,
    0.19026348498899856,
    0.18952854167540034,
    0.1883784731650634,
    0.1878771196176892,
    0.18718025914631203,
    0.18643087823059626,
    0.18573525939925428,
    0.18552475373885627,
    0.1852853379226679,
    0.18548318134663913,
    0.18601683528833646,
    0.18695179342482715,
    0.1892352020991404,
    0.19124071643202223,
    0.19465499864224836,
    0.19698780696088544,
    0.19969769851914954,
    0.20440949355370508,
    0.20993742898729456,
    0.2144002290532141,
    0.22003309484349368,
    0.22500070225684532,
    0.22915835503530746,
    0.23143425971063558,
    0.23510071931643653,
    0.23662630082603833,
    null,
    null,
    null,
    null,
    null,
    null,
    null,
    null,
    null,
    null,
    null,
    null,
    null,
    null,
    null,
    null,
    null,
    null,
    null,
    null,
    null,
    null,
    null,
    null,
    null,
    null,
    null,
    null,
    null,
    null,
    null,
    null,
    null,
    null,
    null
  ],
  "raw_per_dim_counts": [
    9703152,
    9703152,
    9703152,
    9703152,
    9703152,
    9703152,
    9703152
  ],
  "raw_per_dim_l1": [
    0.15208419264715728,
    0.11058828452577912,
    0.1311294769802249,
    0.1044342611965536,
    0.11616125083303591,
    0.21599952685392085,
    0.3504732795155251
  ],
  "status": "completed",
  "valid_action_element_count": 67922064
}
