{
  "action_dim": 7,
  "action_l1_valid_mean": 0.5779933677322112,
  "batch_size": 16,
  "checkpoint": "topic2_act/outputs/act_calvin/abc_full_150k/lerobot_train/checkpoints/150000/pretrained_model",
  "chunk_size": 100,
  "dataset": {
    "codebase_version": "v2.1",
    "episode_metadata_rows": 5124,
    "fps": 10,
    "scene": "D",
    "source_dataset": "task_D_D",
    "total_episodes": 5124,
    "total_frames": 308918
  },
  "dataset_root": "topic2_act/data/xiaoma26_calvin_lerobot/splitD",
  "device": "cuda:0",
  "elapsed_seconds": 1025.9504911787808,
  "episode_count": 5124,
  "forward_action_element_count": 216242600,
  "forward_l1_loss_equivalent": 0.18154842068437388,
  "frame_count": 308918,
  "frame_l1_distribution": {
    "count": 308918,
    "histogram_bin_edges": [
      0.04557102705751147,
      0.10785958548741681,
      0.17014814391732214,
      0.23243670234722752,
      0.29472526077713285,
      0.3570138192070382,
      0.41930237763694356,
      0.4815909360668489,
      0.5438794944967542,
      0.6061680529266595,
      0.6684566113565649,
      0.7307451697864702,
      0.7930337282163756,
      0.855322286646281,
      0.9176108450761863,
      0.9798994035060916,
      1.0421879619359968,
      1.1044765203659022,
      1.1667650787958075,
      1.2290536372257128,
      1.2913421956556181,
      1.3536307540855235,
      1.4159193125154288,
      1.4782078709453341,
      1.5404964293752397,
      1.602784987805145,
      1.6650735462350503,
      1.7273621046649557,
      1.789650663094861,
      1.8519392215247663,
      1.9142277799546716,
      1.976516338384577,
      2.0388048968144825,
      2.101093455244388,
      2.163382013674293,
      2.2256705721041987,
      2.287959130534104,
      2.3502476889640094,
      2.4125362473939145,
      2.47482480582382,
      2.537113364253725
    ],
    "histogram_counts": [
      492,
      4949,
      11163,
      20069,
      29556,
      33973,
      33957,
      31532,
      28635,
      25310,
      22435,
      18772,
      14843,
      10924,
      7647,
      5182,
      3406,
      2042,
      1311,
      861,
      578,
      428,
      314,
      187,
      109,
      72,
      52,
      40,
      24,
      18,
      11,
      9,
      5,
      3,
      3,
      3,
      1,
      0,
      0,
      2
    ],
    "max": 2.537113364253725,
    "mean": 0.5531163469794353,
    "min": 0.04557102705751147,
    "p05": 0.2273872834110066,
    "p25": 0.37783644402161576,
    "p50": 0.5210675582360653,
    "p75": 0.7004387542500072,
    "p95": 0.9728413618653176,
    "std": 0.23460573929507683
  },
  "generated_at": "2026-06-22T11:15:47.261285+00:00",
  "max_episodes": null,
  "max_frames": null,
  "metric_space": "normalized_action",
  "missing_parquet_count": 0,
  "missing_parquets_sample": [],
  "normalizer_loaded_for_raw_metrics": true,
  "per_chunk_counts": [
    2162426,
    2126558,
    2090690,
    2054822,
    2018954,
    1983086,
    1947218,
    1911350,
    1875482,
    1839614,
    1803746,
    1767878,
    1732010,
    1696142,
    1660274,
    1624406,
    1588538,
    1552670,
    1516802,
    1480934,
    1445066,
    1409198,
    1373330,
    1337462,
    1301594,
    1265726,
    1229858,
    1193990,
    1158122,
    1122254,
    1086386,
    1050518,
    1014650,
    978782,
    942914,
    907452,
    872410,
    837795,
    803656,
    770028,
    736827,
    704186,
    671923,
    640080,
    608734,
    577815,
    547365,
    517237,
    487522,
    458304,
    429660,
    401016,
    372372,
    343728,
    315084,
    286440,
    257796,
    229152,
    200508,
    171864,
    143220,
    114576,
    85932,
    57288,
    28644,
    0,
    0,
    0,
    0,
    0,
    0,
    0,
    0,
    0,
    0,
    0,
    0,
    0,
    0,
    0,
    0,
    0,
    0,
    0,
    0,
    0,
    0,
    0,
    0,
    0,
    0,
    0,
    0,
    0,
    0,
    0,
    0,
    0,
    0,
    0
  ],
  "per_chunk_l1": [
    0.5136463915566513,
    0.5162644933498987,
    0.5187044774707034,
    0.5191076638714569,
    0.5186255349108738,
    0.5190691826222077,
    0.5191552202762703,
    0.5198392791300128,
    0.5223045005466801,
    0.5252879633514145,
    0.5301525772196126,
    0.5326831111884084,
    0.536924134039882,
    0.5415382060357368,
    0.5464825102658752,
    0.5524360796736845,
    0.5589751110765001,
    0.5644514988363591,
    0.569207564715876,
    0.5753001004936531,
    0.5808257750738228,
    0.5869500794606745,
    0.5929007364100551,
    0.5981558218790347,
    0.6024867492872106,
    0.6073656887708707,
    0.6112860025839502,
    0.6149058393410818,
    0.6195118181608992,
    0.622672879712692,
    0.6260473492078775,
    0.6295954979897345,
    0.6333588786854322,
    0.6347919228119697,
    0.6369045870358179,
    0.6381979460612337,
    0.6413139613320142,
    0.6423313382660313,
    0.6441712418296883,
    0.6449232185837834,
    0.6464312381581606,
    0.6460813512397577,
    0.6476736905101974,
    0.6495500468398375,
    0.6505136179043978,
    0.6506537576406778,
    0.6519957356501781,
    0.6530151127379817,
    0.6545046175932535,
    0.655866048036198,
    0.6575982422897488,
    0.6613956642739333,
    0.6643391404980212,
    0.6699631723058257,
    0.6733497206207998,
    0.677604024152594,
    0.6849469948362114,
    0.692771283206483,
    0.6997341351923307,
    0.7068435491595612,
    0.7154291734797181,
    0.7222755537615594,
    0.727144151942223,
    0.732851540347206,
    0.735695526264565,
    null,
    null,
    null,
    null,
    null,
    null,
    null,
    null,
    null,
    null,
    null,
    null,
    null,
    null,
    null,
    null,
    null,
    null,
    null,
    null,
    null,
    null,
    null,
    null,
    null,
    null,
    null,
    null,
    null,
    null,
    null,
    null,
    null,
    null,
    null
  ],
  "per_dim_counts": [
    9703152,
    9703152,
    9703152,
    9703152,
    9703152,
    9703152,
    9703152
  ],
  "per_dim_l1": [
    0.609230833477001,
    0.5387372111198431,
    0.6152814469827926,
    0.6564808355987013,
    0.6656077549440135,
    0.6088868411599436,
    0.3517286508431807
  ],
  "raw_action_l1_valid_mean": 0.16869575322174254,
  "raw_frame_l1_distribution": {
    "count": 308918,
    "histogram_bin_edges": [
      0.010626217616455895,
      0.027643394782873136,
      0.04466057194929038,
      0.06167774911570762,
      0.07869492628212486,
      0.0957121034485421,
      0.11272928061495935,
      0.1297464577813766,
      0.14676363494779385,
      0.16378081211421108,
      0.18079798928062832,
      0.19781516644704558,
      0.21483234361346282,
      0.23184952077988005,
      0.24886669794629732,
      0.2658838751127145,
      0.28290105227913176,
      0.299918229445549,
      0.31693540661196623,
      0.3339525837783835,
      0.3509697609448007,
      0.36798693811121796,
      0.38500411527763523,
      0.40202129244405244,
      0.4190384696104697,
      0.43605564677688696,
      0.45307282394330417,
      0.47009000110972143,
      0.4871071782761387,
      0.504124355442556,
      0.5211415326089731,
      0.5381587097753904,
      0.5551758869418076,
      0.5721930641082249,
      0.5892102412746422,
      0.6062274184410593,
      0.6232445956074766,
      0.6402617727738938,
      0.6572789499403111,
      0.6742961271067284,
      0.6913133042731455
    ],
    "histogram_counts": [
      1089,
      8296,
      16424,
      24600,
      29542,
      29515,
      27377,
      24744,
      22687,
      20919,
      18898,
      16187,
      13518,
      11256,
      9369,
      7464,
      5952,
      4819,
      4042,
      3248,
      2446,
      1866,
      1415,
      1056,
      680,
      510,
      369,
      226,
      158,
      95,
      45,
      39,
      34,
      13,
      10,
      5,
      2,
      1,
      1,
      1
    ],
    "max": 0.6913133042731455,
    "mean": 0.15786925916851194,
    "min": 0.010626217616455895,