model,normalized_action_l1,raw_action_l1,frame_l1_mean,frame_l1_median,frame_l1_p75,frame_l1_p95,raw_frame_l1_median,chunk_offset_0_l1,chunk_offset_tail,chunk_offset_tail_l1,chunk_early_0_9_l1,chunk_mid_25_34_l1,chunk_late_55_64_l1,distribution_count
A-only,0.658629341784413,0.19335991432529512,0.6347922352136487,0.6131761512521678,0.7887565958173719,1.0626858555419103,0.1707104664184248,0.600226525118231,64,0.8331453328002029,0.6023097874429791,0.6954625544879043,0.8245865255815948,308918
ABC,0.5779933677322112,0.16869575322174254,0.5531163469794353,0.5210675582360653,0.7004387542500072,0.9728413618653176,0.14174647671089735,0.5136463915566513,64,0.735695526264565,0.5192004707086169,0.6236440464300326,0.7095295932342452,308918
